,Sleep Duration,Sleep Duration,Quality of Sleep,Quality of Sleep
,mean,std,mean,std
Stress Category,,,,
Low,8.226760563380282,0.2190614698329944,8.971830985915492,0.16663312875171418
Medium,7.302732240437159,0.44922787163992806,7.584699453551913,0.556861093368349
High,6.224166666666666,0.23763393687598958,5.916666666666667,0.5279313256417328
